Overall_Rank,Ticker,Sector,Current_Price,Expected_Returns_12M,Expected_Returns_24M,Expected_Returns_36M,Expected_Returns_48M,Expected_Returns_60M,Forecast_12M,Forecast_24M,Forecast_36M,Forecast_48M,Forecast_60M,Avg_Historical_CAGR,Risk_Adjusted_Return,PE_Ratio,PB_Ratio,PEG_Ratio
1,SHRIRAMFIN,Financials,945.0,18.52,39.43,62.87,89.02,118.01,18.52,18.08,17.66,17.25,16.87,35.48,26.25,16.7,2.7,0.47
2,BEL,Infrastructure,383.1,19.08,38.96,59.41,80.28,101.45,19.08,17.88,16.82,15.87,15.04,27.64,21.05,45.66,11.67,1.65
3,BAJAJ-AUTO,Automobile,10045.0,16.05,33.51,52.41,72.73,94.48,16.05,15.55,15.08,14.64,14.23,19.06,15.31,23.87,7.23,1.25
4,EICHERMOT,Automobile,6920.0,16.26,33.19,51.36,70.77,91.38,16.26,15.41,14.82,14.31,13.86,17.86,14.15,32.92,7.56,1.84
5,ADANIPORTS,Infrastructure,1737.8,14.87,31.21,49.11,68.64,89.84,14.87,14.55,14.25,13.96,13.68,20.49,14.99,29.65,4.17,1.45
6,JSWSTEEL,Materials,1233.0,16.51,31.89,48.61,66.74,86.31,16.51,14.84,14.12,13.63,13.25,13.8,10.85,12.16,3.01,0.88
7,HEROMOTOCO,Automobile,5168.0,13.8,28.87,45.26,63.01,82.19,13.8,13.52,13.25,12.99,12.75,12.22,9.72,18.98,4.78,1.55
8,SBIN,Financials,954.1,13.69,27.84,43.15,59.65,77.41,13.69,13.07,12.7,12.41,12.15,15.87,12.75,10.2,1.42,0.64
9,HINDALCO,Materials,941.85,12.39,25.79,40.23,55.75,72.4,12.39,12.15,11.93,11.71,11.51,20.53,15.53,12.77,1.53,0.62
10,BHARTIARTL,Telecom,1741.1,13.19,26.83,40.92,55.43,70.33,13.19,12.62,12.11,11.66,11.24,13.04,10.74,36.43,6.71,2.79
11,TITAN,Consumer,4515.7,12.22,24.86,38.42,52.94,68.46,12.22,11.74,11.45,11.21,10.99,17.38,14.0,68.99,25.53,3.97
12,APOLLOHOSP,Healthcare,8133.5,11.71,23.56,36.24,49.77,64.17,11.71,11.16,10.86,10.62,10.42,12.74,10.16,56.14,12.34,4.41
13,GRASIM,Materials,2962.0,11.77,23.5,36.05,49.42,63.64,11.77,11.13,10.81,10.56,10.35,10.99,8.89,35.3,1.94,3.21
14,M&M,Automobile,2860.0,12.41,24.49,36.25,47.75,59.07,12.41,11.57,10.86,10.25,9.73,11.37,8.88,17.41,3.43,1.53
15,TATASTEEL,Materials,178.0,10.67,21.29,32.58,44.56,57.26,10.67,10.13,9.86,9.65,9.48,11.29,8.68,20.11,2.17,1.78
16,ICICIBANK,Financials,1310.6,9.76,19.77,30.13,40.84,51.9,9.76,9.44,9.17,8.94,8.72,7.62,6.34,16.93,2.47,2.22
17,COALINDIA,Energy,420.4,11.35,22.01,32.12,41.84,51.3,11.35,10.46,9.73,9.13,8.63,18.0,14.04,8.32,2.18,0.46
18,NESTLEIND,Consumer,1307.7,9.92,19.32,29.25,39.74,50.81,9.92,9.23,8.93,8.73,8.56,7.18,6.03,66.11,48.9,9.21
19,SUNPHARMA,Healthcare,1801.0,10.36,20.31,30.09,39.76,49.37,10.36,9.69,9.16,8.73,8.36,12.59,10.5,35.79,5.17,2.84
20,NTPC,Utilities,315.1,9.66,18.77,27.47,35.91,44.23,9.66,8.98,8.43,7.97,7.6,7.52,6.03,9.64,1.5,1.28
21,SBILIFE,Financials,1721.6,8.15,16.47,24.98,33.69,42.61,8.15,7.92,7.72,7.53,7.36,3.86,3.14,66.34,8.58,17.19
22,ONGC,Energy,222.37,8.82,17.33,25.67,33.92,42.15,8.82,8.32,7.91,7.58,7.29,7.23,5.54,6.43,0.75,0.89
23,BAJFINANCE,Financials,948.3,7.83,15.7,23.98,32.67,41.79,7.83,7.57,7.43,7.32,7.23,5.58,4.35,28.14,5.17,5.04
24,AXISBANK,Financials,1217.1,8.5,16.64,24.76,32.91,41.15,8.5,8.0,7.65,7.37,7.14,6.79,5.46,13.68,1.7,2.01
25,POWERGRID,Utilities,254.55,7.65,14.62,21.35,28.02,34.74,7.65,7.06,6.66,6.37,6.15,5.86,4.69,12.47,2.36,2.13
26,HCLTECH,IT,1243.1,6.55,13.11,19.73,26.46,33.33,6.55,6.35,6.19,6.04,5.92,-0.1,-0.08,19.36,4.56,
27,TATACONSUM,Consumer,957.0,6.31,12.72,19.26,25.96,32.84,6.31,6.17,6.05,5.94,5.84,-2.19,-1.77,57.96,4.35,
28,MARUTI,Automobile,11386.0,6.9,13.35,19.73,26.15,32.68,6.9,6.46,6.19,5.98,5.82,-2.1,-1.7,24.97,3.34,
29,BRITANNIA,Consumer,4778.0,6.58,12.96,19.35,25.81,32.4,6.58,6.28,6.07,5.91,5.77,-2.87,-2.39,44.16,22.54,
30,CIPLA,Healthcare,1344.0,6.43,12.71,18.97,25.29,31.74,6.43,6.17,5.96,5.8,5.67,-0.32,-0.26,32.21,3.15,
31,INDUSINDBK,Financials,886.85,5.53,10.61,15.93,21.5,27.33,5.53,5.17,5.05,4.99,4.95,-5.02,-3.76,52.23,1.05,
32,RELIANCE,Energy,1167.7,5.08,10.32,15.76,21.41,27.31,5.08,5.04,5.0,4.97,4.95,-4.3,-3.52,21.15,1.75,
33,HDFCBANK,Financials,721.2,4.84,9.95,15.3,20.88,26.73,4.84,4.86,4.86,4.86,4.85,-5.99,-4.95,15.75,1.83,
34,DRREDDY,Healthcare,1206.2,4.89,9.92,15.2,20.73,26.52,4.89,4.84,4.83,4.82,4.82,2.03,1.67,30.34,2.62,14.95
35,TECHM,IT,1533.0,4.86,9.89,15.17,20.7,26.49,4.86,4.83,4.82,4.81,4.81,8.94,7.02,26.78,4.58,3.0
36,ADANIENT,Energy,2816.8,4.8,9.83,15.11,20.63,26.42,4.8,4.8,4.8,4.8,4.8,3.97,2.67,49.0,4.5,12.34
37,BAJAJFINSV,Financials,1732.6,4.8,9.83,15.1,20.63,26.42,4.8,4.8,4.8,4.8,4.8,-2.94,-2.33,27.24,3.56,
38,HDFCLIFE,Financials,534.2,4.8,9.83,15.1,20.63,26.42,4.8,4.8,4.8,4.8,4.8,-10.54,-8.43,58.51,5.95,
39,WIPRO,IT,159.35,4.8,9.81,15.07,20.6,26.38,4.8,4.79,4.79,4.79,4.79,-14.4,-11.47,12.67,2.03,
40,KOTAKBANK,Financials,418.35,4.64,9.67,14.93,20.45,26.23,4.64,4.72,4.75,4.76,4.77,3.84,3.13,20.52,2.3,5.34
41,BPCL,Energy,300.6,4.45,9.44,14.69,20.2,25.97,4.45,4.61,4.68,4.71,4.73,9.84,7.65,7.49,1.28,0.76
42,ULTRACEMCO,Materials,10710.0,4.16,8.92,14.11,19.59,25.33,4.16,4.37,4.5,4.57,4.62,4.13,3.36,36.93,4.11,8.94
43,LT,Infrastructure,3693.4,1.9,5.72,10.48,15.69,21.22,1.9,2.82,3.38,3.71,3.92,9.78,7.86,30.6,4.65,3.13
44,HINDUNILVR,Consumer,1836.0,3.69,7.35,11.21,15.29,19.6,3.69,3.61,3.61,3.62,3.64,-13.16,-10.92,40.87,8.85,
45,TRENT,Consumer,2580.0,-1.17,2.17,6.73,11.76,17.1,-1.17,1.08,2.19,2.82,3.21,-8.72,-6.33,76.29,19.7,
46,ASIANPAINT,Materials,2407.0,2.87,5.94,9.2,12.68,16.37,2.87,2.93,2.98,3.03,3.08,-5.64,-4.62,48.4,10.8,
47,ITC,Consumer,255.9,0.13,2.34,5.8,10.05,14.86,0.13,1.16,1.9,2.42,2.81,-13.14,-10.96,16.16,4.42,
48,TCS,IT,2075.0,1.92,4.04,6.36,8.89,11.63,1.92,2.0,2.08,2.15,2.23,-16.28,-13.28,15.08,6.85,
49,INFY,IT,1035.0,1.79,3.78,5.98,8.39,11.01,1.79,1.87,1.96,2.04,2.11,-13.61,-10.8,13.31,4.54,
50,TATAMOTORS,Automobile,279.4,0.88,1.99,3.33,4.89,6.67,0.88,0.99,1.1,1.2,1.3,-28.02,-20.37,9.5,0.92,
