Date,Nifty50_Normalized
2021-10-01,1.0
2021-10-04,1.0091
2021-10-05,1.0166
2021-10-06,1.0065
2021-10-07,1.0147
2021-10-08,1.0207
2021-10-11,1.0236
2021-10-12,1.0262
2021-10-13,1.0359
2021-10-14,1.046
2021-10-18,1.0539
2021-10-19,1.0506
2021-10-20,1.0419
2021-10-21,1.0368
2021-10-22,1.0332
2021-10-25,1.0338
2021-10-26,1.042
2021-10-27,1.0387
2021-10-28,1.0185
2021-10-29,1.008
2021-11-01,1.0227
2021-11-02,1.0204
2021-11-03,1.0169
2021-11-04,1.0219
2021-11-08,1.0306
2021-11-09,1.0292
2021-11-10,1.0277
2021-11-11,1.0195
2021-11-12,1.0326
2021-11-15,1.0329
2021-11-16,1.0266
2021-11-17,1.0209
2021-11-18,1.0133
2021-11-22,0.9934
2021-11-23,0.9984
2021-11-24,0.9933
2021-11-25,1.0002
2021-11-26,0.9712
2021-11-29,0.9727
2021-11-30,0.9687
2021-12-01,0.9792
2021-12-02,0.9926
2021-12-03,0.9809
2021-12-06,0.9646
2021-12-07,0.9797
2021-12-08,0.9964
2021-12-09,0.9991
2021-12-10,0.9988
2021-12-13,0.9907
2021-12-14,0.9882
2021-12-15,0.9823
2021-12-16,0.9838
2021-12-17,0.9688
2021-12-20,0.9476
2021-12-21,0.9566
2021-12-22,0.9671
2021-12-23,0.9738
2021-12-24,0.9699
2021-12-27,0.9746
2021-12-28,0.983
2021-12-29,0.9818
2021-12-30,0.9813
2021-12-31,0.9898
2022-01-03,1.0053
2022-01-04,1.0156
2022-01-05,1.0224
2022-01-06,1.0122
2022-01-07,1.016
2022-01-10,1.0269
2022-01-11,1.0299
2022-01-12,1.0388
2022-01-13,1.0414
2022-01-14,1.0413
2022-01-17,1.0443
2022-01-18,1.0331
2022-01-19,1.0232
2022-01-20,1.0128
2022-01-21,1.0049
2022-01-24,0.9782
2022-01-25,0.9855
2022-01-27,0.9759
2022-01-28,0.9755
2022-01-31,0.989
2022-02-01,1.0026
2022-02-02,1.0141
2022-02-03,1.0016
2022-02-04,0.9991
2022-02-07,0.9818
2022-02-08,0.9849
2022-02-09,0.9961
2022-02-10,1.0042
2022-02-11,0.991
2022-02-14,0.9607
2022-02-15,0.9898
2022-02-16,0.988
2022-02-17,0.987
2022-02-18,0.9854
2022-02-21,0.9814
2022-02-22,0.9749
2022-02-23,0.9733
2022-02-24,0.9268
2022-02-25,0.9502
2022-02-28,0.9579
2022-03-02,0.9472
2022-03-03,0.941
2022-03-04,0.9266
2022-03-07,0.9048
2022-03-08,0.9134
2022-03-09,0.9323
2022-03-10,0.9465
2022-03-11,0.9486
2022-03-14,0.9623
2022-03-15,0.9504
2022-03-16,0.9682
2022-03-17,0.986
2022-03-21,0.9764
2022-03-22,0.9876
2022-03-23,0.9837
2022-03-24,0.9824
2022-03-25,0.9784
2022-03-28,0.9823
2022-03-29,0.9882
2022-03-30,0.9981
2022-03-31,0.9962
2022-04-01,1.0079
2022-04-04,1.0297
2022-04-05,1.0243
2022-04-06,1.0157
2022-04-07,1.0061
2022-04-08,1.0144
2022-04-11,1.0082
2022-04-12,0.9999
2022-04-13,0.9968
2022-04-18,0.9796
2022-04-19,0.9673
2022-04-20,0.9774
2022-04-21,0.992
2022-04-22,0.9795
2022-04-25,0.967
2022-04-26,0.9811
2022-04-27,0.9718
2022-04-28,0.9836
2022-04-29,0.9755
2022-05-02,0.9736
2022-05-04,0.9513
2022-05-05,0.9516
2022-05-06,0.9361
2022-05-09,0.9298
2022-05-10,0.9263
2022-05-11,0.9221
2022-05-12,0.9017
2022-05-13,0.9002
2022-05-16,0.9036
2022-05-17,0.9274
2022-05-18,0.9263
2022-05-19,0.9017
2022-05-20,0.9278
2022-05-23,0.9249
2022-05-24,0.9198
2022-05-25,0.9141
2022-05-26,0.9223
2022-05-27,0.9327
2022-05-30,0.9503
2022-05-31,0.946
2022-06-01,0.9424
2022-06-02,0.9484
2022-06-03,0.9459
2022-06-06,0.9451
2022-06-07,0.9364
2022-06-08,0.9329
2022-06-09,0.9399
2022-06-10,0.9241
2022-06-13,0.8997
2022-06-14,0.8973
2022-06-15,0.8951
2022-06-16,0.8761
2022-06-17,0.8723
2022-06-20,0.8755
2022-06-21,0.892
2022-06-22,0.8791
2022-06-23,0.8873
2022-06-24,0.8955
2022-06-27,0.903
2022-06-28,0.9041
2022-06-29,0.9012
2022-06-30,0.9001
2022-07-01,0.8985
2022-07-04,0.9032
2022-07-05,0.9018
2022-07-06,0.912
2022-07-07,0.9202
2022-07-08,0.9252
2022-07-11,0.9249
2022-07-12,0.9159
2022-07-13,0.9107
2022-07-14,0.9091
2022-07-15,0.9154
2022-07-18,0.9285
2022-07-19,0.932
2022-07-20,0.9423
2022-07-21,0.9471
2022-07-22,0.9537
2022-07-25,0.9486
2022-07-26,0.9402
2022-07-27,0.9492
2022-07-28,0.9656
2022-07-29,0.9787
2022-08-01,0.989
2022-08-02,0.9894
2022-08-03,0.9918
2022-08-04,0.9914
2022-08-05,0.9923
2022-08-08,0.9996
2022-08-10,1.0002
2022-08-11,1.0072
2022-08-12,1.0095
2022-08-16,1.0167
2022-08-17,1.0235
2022-08-18,1.0242
2022-08-19,1.0129
2022-08-22,0.9976
2022-08-23,1.0026
2022-08-24,1.0042
2022-08-25,0.9995
2022-08-26,1.0015
2022-08-29,0.9875
2022-08-30,1.013
2022-09-01,1.0006
2022-09-02,1.0004
2022-09-05,1.0076
2022-09-06,1.007
2022-09-07,1.0053
2022-09-08,1.0152
2022-09-09,1.0172
2022-09-12,1.0231
2022-09-13,1.0307
2022-09-14,1.0269
2022-09-15,1.0197
2022-09-16,0.9999
2022-09-19,1.0051
2022-09-20,1.0162
2022-09-21,1.0106
2022-09-22,1.0056
2022-09-23,0.9883
2022-09-26,0.9706
2022-09-27,0.9701
2022-09-28,0.9616
2022-09-29,0.9593
2022-09-30,0.975
2022-10-03,0.9632
2022-10-04,0.9853
2022-10-06,0.9886
2022-10-07,0.9876
2022-10-10,0.9834
2022-10-11,0.9687
2022-10-12,0.9767
2022-10-13,0.9705
2022-10-14,0.9802
2022-10-17,0.9874
2022-10-18,0.9974
2022-10-19,0.9989
2022-10-20,1.0018
2022-10-21,1.0025
2022-10-24,1.0113
2022-10-25,1.0071
2022-10-27,1.0117
2022-10-28,1.0145
2022-10-31,1.0274
2022-11-01,1.035
2022-11-02,1.0314
2022-11-03,1.0297
2022-11-04,1.0334
2022-11-07,1.0383
2022-11-09,1.0356
2022-11-10,1.0283
2022-11-11,1.0466
2022-11-14,1.0455
2022-11-15,1.0497
2022-11-16,1.0501
2022-11-17,1.0463
2022-11-18,1.0442
2022-11-21,1.0358
2022-11-22,1.0406
2022-11-23,1.0419
2022-11-24,1.0543
2022-11-25,1.0559
2022-11-28,1.0588
2022-11-29,1.0619
2022-11-30,1.0699
2022-12-01,1.073
2022-12-02,1.0664
2022-12-05,1.0667
2022-12-06,1.0634
2022-12-07,1.0587
2022-12-08,1.0614
2022-12-09,1.055
2022-12-12,1.055
2022-12-13,1.0614
2022-12-14,1.0644
2022-12-15,1.0504
2022-12-16,1.042
2022-12-19,1.0507
2022-12-20,1.0487
2022-12-21,1.038
2022-12-22,1.034
2022-12-23,1.0157
2022-12-26,1.0275
2022-12-27,1.0342
2022-12-28,1.0337
2022-12-29,1.0376
2022-12-30,1.0327
2023-01-02,1.038
2023-01-03,1.04
2023-01-04,1.0291
2023-01-05,1.0262
2023-01-06,1.0187
2023-01-09,1.0325
2023-01-10,1.0218
2023-01-11,1.0207
2023-01-12,1.0186
2023-01-13,1.0242
2023-01-16,1.0207
2023-01-17,1.0297
2023-01-18,1.0361
2023-01-19,1.0328
2023-01-20,1.0283
2023-01-23,1.0335
2023-01-24,1.0334
2023-01-25,1.0205
2023-01-27,1.0041
2023-01-30,1.0067
2023-01-31,1.0074
2023-02-01,1.0048
2023-02-02,1.0045
2023-02-03,1.0184
2023-02-06,1.0133
2023-02-07,1.0108
2023-02-08,1.0194
2023-02-09,1.0206
2023-02-10,1.0185
2023-02-13,1.0136
2023-02-14,1.0227
2023-02-15,1.0276
2023-02-16,1.0287
2023-02-17,1.0235
2023-02-20,1.0178
2023-02-21,1.0168
2023-02-22,1.0013
2023-02-23,0.9988
2023-02-24,0.9962
2023-02-27,0.9921
2023-02-28,0.987
2023-03-01,0.9954
2023-03-02,0.988
2023-03-03,1.0036
2023-03-06,1.0102
2023-03-08,1.0127
2023-03-09,1.0033
2023-03-10,0.9932
2023-03-13,0.9785
2023-03-14,0.9721
2023-03-15,0.9681
2023-03-16,0.9688
2023-03-17,0.9754
2023-03-20,0.969
2023-03-21,0.9758
2023-03-22,0.9783
2023-03-23,0.974
2023-03-24,0.9665
2023-03-27,0.9688
2023-03-28,0.9669
2023-03-29,0.9743
2023-03-31,0.9902
2023-04-03,0.9924
2023-04-05,1.0014
2023-04-06,1.0038
2023-04-10,1.0052
2023-04-11,1.0109
2023-04-12,1.016
2023-04-13,1.0169
2023-04-17,1.01
2023-04-18,1.0073
2023-04-19,1.0049
2023-04-20,1.0053
2023-04-21,1.0052
2023-04-24,1.0121
2023-04-25,1.0135
2023-04-26,1.0161
2023-04-27,1.0218
2023-04-28,1.0304
2023-05-02,1.0351
2023-05-03,1.0318
2023-05-04,1.0413
2023-05-05,1.0306
2023-05-08,1.0418
2023-05-09,1.0419
2023-05-10,1.0447
2023-05-11,1.0436
2023-05-12,1.0446
2023-05-15,1.0494
2023-05-16,1.043
2023-05-17,1.0371
2023-05-18,1.0341
2023-05-19,1.0383
2023-05-22,1.0446
2023-05-23,1.0465
2023-05-24,1.043
2023-05-25,1.045
2023-05-26,1.0552
2023-05-29,1.0608
2023-05-30,1.0628
2023-05-31,1.0572
2023-06-01,1.0545
2023-06-02,1.0572
2023-06-05,1.0606
2023-06-06,1.0609
2023-06-07,1.0681
2023-06-08,1.0629
2023-06-09,1.0588
2023-06-12,1.061
2023-06-13,1.0675
2023-06-14,1.0698
2023-06-15,1.0659
2023-06-16,1.0738
2023-06-19,1.0698
2023-06-20,1.0733
2023-06-21,1.0756
2023-06-22,1.0707
2023-06-23,1.0647
2023-06-26,1.0661
2023-06-27,1.0733
2023-06-28,1.0821
2023-06-30,1.0945
2023-07-03,1.1021
2023-07-04,1.1059
2023-07-05,1.1065
2023-07-06,1.1121
2023-07-07,1.1027
2023-07-10,1.104
2023-07-11,1.1088
2023-07-12,1.1056
2023-07-13,1.1073
2023-07-14,1.1159
2023-07-17,1.1243
2023-07-18,1.1265
2023-07-19,1.1313
2023-07-20,1.1396
2023-07-21,1.1262
2023-07-24,1.1221
2023-07-25,1.1225
2023-07-26,1.1281
2023-07-27,1.1214
2023-07-28,1.1206
2023-07-31,1.1267
2023-08-01,1.1256
2023-08-02,1.1138
2023-08-03,1.1055
2023-08-04,1.1132
2023-08-07,1.1178
2023-08-08,1.1163
2023-08-09,1.1198
2023-08-10,1.1147
2023-08-11,1.1082
2023-08-14,1.1085
2023-08-16,1.1103
2023-08-17,1.1046
2023-08-18,1.1014
2023-08-21,1.1062
2023-08-22,1.1063
2023-08-23,1.1091
2023-08-24,1.1058
2023-08-25,1.0989
2023-08-28,1.1012
2023-08-29,1.1033
2023-08-30,1.1035
2023-08-31,1.0982
2023-09-01,1.1086
2023-09-04,1.1139
2023-09-05,1.1165
2023-09-06,1.1186
2023-09-07,1.1252
2023-09-08,1.1305
2023-09-11,1.1406
2023-09-12,1.1404
2023-09-13,1.1448
2023-09-14,1.1466
2023-09-15,1.1517
2023-09-18,1.1484
2023-09-20,1.1351
2023-09-21,1.1261
2023-09-22,1.1222
2023-09-25,1.1222
2023-09-26,1.1216
2023-09-27,1.1246
2023-09-28,1.1136
2023-09-29,1.1201
2023-10-03,1.1139
2023-10-04,1.1086
2023-10-05,1.1149
2023-10-06,1.121
2023-10-09,1.113
2023-10-10,1.1231
2023-10-11,1.13
2023-10-12,1.129
2023-10-13,1.1266
2023-10-16,1.1255
2023-10-17,1.13
2023-10-18,1.122
2023-10-19,1.1194
2023-10-20,1.1147
2023-10-23,1.0998
2023-10-25,1.0907
2023-10-26,1.0756
2023-10-27,1.0864
2023-10-30,1.0918
2023-10-31,1.0883
2023-11-01,1.0831
2023-11-02,1.0913
2023-11-03,1.0969
2023-11-06,1.1072
2023-11-07,1.1069
2023-11-08,1.109
2023-11-09,1.1063
2023-11-10,1.108
2023-11-13,1.109
2023-11-15,1.1223
2023-11-16,1.1274
2023-11-17,1.1255
2023-11-20,1.1233
2023-11-21,1.1284
2023-11-22,1.13
2023-11-23,1.1295
2023-11-24,1.1291
2023-11-28,1.1345
2023-11-29,1.1463
2023-11-30,1.1484
2023-12-01,1.156
2023-12-04,1.1799
2023-12-05,1.1895
2023-12-06,1.1943
2023-12-07,1.1922
2023-12-08,1.1961
2023-12-11,1.1976
2023-12-12,1.1925
2023-12-13,1.1936
2023-12-14,1.2082
2023-12-15,1.2239
2023-12-18,1.2217
2023-12-19,1.2237
2023-12-20,1.2064
2023-12-21,1.2124
2023-12-22,1.2177
2023-12-26,1.223
2023-12-27,1.2352
2023-12-28,1.2422
2023-12-29,1.2395
2024-01-01,1.2401
2024-01-02,1.2358
2024-01-03,1.2273
2024-01-04,1.2354
2024-01-05,1.2383
2024-01-08,1.2271
2024-01-09,1.2289
2024-01-10,1.2331
2024-01-11,1.2347
2024-01-12,1.2488
2024-01-15,1.2604
2024-01-16,1.2567
2024-01-17,1.2304
2024-01-18,1.2242
2024-01-19,1.2333
2024-01-23,1.2114
2024-01-24,1.2237
2024-01-25,1.2179
2024-01-29,1.2399
2024-01-30,1.2276
2024-01-31,1.2392
2024-02-01,1.2376
2024-02-02,1.2465
2024-02-05,1.2418
2024-02-06,1.2508
2024-02-07,1.2509
2024-02-08,1.2388
2024-02-09,1.2424
2024-02-12,1.2329
2024-02-13,1.2402
2024-02-14,1.2457
2024-02-15,1.2498
2024-02-16,1.2572
2024-02-19,1.2618
2024-02-20,1.2661
2024-02-21,1.258
2024-02-22,1.2672
2024-02-23,1.267
2024-02-26,1.2618
2024-02-27,1.2662
2024-02-28,1.2521
2024-02-29,1.2539
2024-03-01,1.2742
2024-03-04,1.278
2024-03-05,1.2752
2024-03-06,1.2819
2024-03-07,1.283
2024-03-11,1.2738
2024-03-12,1.274
2024-03-13,1.2547
2024-03-14,1.2632
2024-03-15,1.2562
2024-03-18,1.258
2024-03-19,1.2444
2024-03-20,1.2457
2024-03-21,1.2555
2024-03-22,1.2604
2024-03-26,1.2551
2024-03-27,1.2619
2024-03-28,1.2735
2024-04-01,1.2812
2024-04-02,1.2807
2024-04-03,1.2796
2024-04-04,1.2842
2024-04-05,1.2841
2024-04-08,1.2928
2024-04-09,1.2915
2024-04-10,1.2978
2024-04-12,1.2845
2024-04-15,1.2704
2024-04-16,1.2633
2024-04-18,1.2546
2024-04-19,1.2632
2024-04-22,1.274
2024-04-23,1.2758
2024-04-24,1.2778
2024-04-25,1.2874
2024-04-26,1.2788
2024-04-29,1.2915
2024-04-30,1.2893
2024-05-02,1.2918
2024-05-03,1.282
2024-05-06,1.2801
2024-05-07,1.2721
2024-05-08,1.2721
2024-05-09,1.2524
2024-05-10,1.258
2024-05-13,1.2608
2024-05-14,1.2673
2024-05-15,1.2663
2024-05-16,1.2779
2024-05-17,1.2814
2024-05-21,1.285
2024-05-22,1.2889
2024-05-23,1.31
2024-05-24,1.3094
2024-05-27,1.308
2024-05-28,1.3055
2024-05-29,1.295
2024-05-30,1.2827
2024-05-31,1.2851
2024-06-03,1.3269
2024-06-04,1.2483
2024-06-05,1.2902
2024-06-06,1.3017
2024-06-07,1.3284
2024-06-10,1.3267
2024-06-11,1.327
2024-06-12,1.3303
2024-06-13,1.3346
2024-06-14,1.3384
2024-06-18,1.3437
2024-06-19,1.3413
2024-06-20,1.3442
2024-06-21,1.3405
2024-06-24,1.3426
2024-06-25,1.353
2024-06-26,1.3614
2024-06-27,1.3715
2024-06-28,1.3695
2024-07-01,1.377
2024-07-02,1.376
2024-07-03,1.3853
2024-07-04,1.3862
2024-07-05,1.3874
2024-07-08,1.3872
2024-07-09,1.3936
2024-07-10,1.3874
2024-07-11,1.3869
2024-07-12,1.3976
2024-07-15,1.4024
2024-07-16,1.4039
2024-07-18,1.4146
2024-07-19,1.3992
2024-07-22,1.398
2024-07-23,1.3962
2024-07-24,1.3925
2024-07-25,1.3921
2024-07-26,1.4165
2024-07-29,1.4166
2024-07-30,1.4178
2024-07-31,1.4232
2024-08-01,1.4266
2024-08-02,1.4099
2024-08-05,1.3721
2024-08-06,1.3685
2024-08-07,1.3859
2024-08-08,1.3756
2024-08-09,1.3899
2024-08-12,1.3887
2024-08-13,1.3768
2024-08-14,1.3771
2024-08-16,1.3998
2024-08-19,1.4016
2024-08-20,1.4088
2024-08-21,1.4129
2024-08-22,1.4152
2024-08-23,1.4159
2024-08-26,1.4266
2024-08-27,1.427
2024-08-28,1.4289
2024-08-29,1.4346
2024-08-30,1.4394
2024-09-02,1.4419
2024-09-03,1.4419
2024-09-04,1.4373
2024-09-05,1.4342
2024-09-06,1.4175
2024-09-09,1.4223
2024-09-10,1.4283
2024-09-11,1.4213
2024-09-12,1.4481
2024-09-13,1.4463
2024-09-16,1.4478
2024-09-17,1.4498
2024-09-18,1.4475
2024-09-19,1.4497
2024-09-20,1.4711
2024-09-23,1.4795
2024-09-24,1.4796
2024-09-25,1.4832
2024-09-26,1.4953
2024-09-27,1.4932
2024-09-30,1.4722
2024-10-01,1.4714
2024-10-03,1.4402
2024-10-04,1.4268
2024-10-07,1.4143
2024-10-08,1.4267
2024-10-09,1.4249
2024-10-10,1.4259
2024-10-11,1.4239
2024-10-14,1.4333
2024-10-15,1.4292
2024-10-16,1.4243
2024-10-17,1.4117
2024-10-18,1.4176
2024-10-21,1.4135
2024-10-22,1.3958
2024-10-23,1.3938
2024-10-24,1.3917
2024-10-25,1.3792
2024-10-28,1.3883
2024-10-29,1.3955
2024-10-30,1.3884
2024-10-31,1.3806
2024-11-01,1.3863
2024-11-04,1.3687
2024-11-05,1.3811
2024-11-06,1.3965
2024-11-07,1.3803
2024-11-08,1.3774
2024-11-11,1.377
2024-11-12,1.3623
2024-11-13,1.3438
2024-11-14,1.3423
2024-11-18,1.3378
2024-11-19,1.3415
2024-11-21,1.3318
2024-11-22,1.3636
2024-11-25,1.3816
2024-11-26,1.38
2024-11-27,1.3846
2024-11-28,1.364
2024-11-29,1.3764
2024-12-02,1.3847
2024-12-03,1.395
2024-12-04,1.3956
2024-12-05,1.4093
2024-12-06,1.4076
2024-12-09,1.4042
2024-12-10,1.4037
2024-12-11,1.4055
2024-12-12,1.4002
2024-12-13,1.4127
2024-12-16,1.407
2024-12-17,1.3881
2024-12-18,1.3803
2024-12-19,1.3662
2024-12-20,1.3454
2024-12-23,1.3549
2024-12-24,1.3534
2024-12-26,1.3547
2024-12-27,1.3583
2024-12-30,1.3487
2024-12-31,1.3487
2025-01-01,1.3543
2025-01-02,1.3797
2025-01-03,1.3692
2025-01-06,1.347
2025-01-07,1.3523
2025-01-08,1.3512
2025-01-09,1.3419
2025-01-10,1.3365
2025-01-13,1.3168
2025-01-14,1.3219
2025-01-15,1.324
2025-01-16,1.3297
2025-01-17,1.3235
2025-01-20,1.3315
2025-01-21,1.3133
2025-01-22,1.3207
2025-01-23,1.3236
2025-01-24,1.3171
2025-01-27,1.3021
2025-01-28,1.3094
2025-01-29,1.3212
2025-01-30,1.3261
2025-01-31,1.3409
2025-02-01,1.3394
2025-02-03,1.3325
2025-02-04,1.354
2025-02-05,1.3516
2025-02-06,1.3463
2025-02-07,1.3438
2025-02-10,1.3336
2025-02-11,1.316
2025-02-12,1.3145
2025-02-13,1.3137
2025-02-14,1.3078
2025-02-17,1.3096
2025-02-18,1.3088
2025-02-19,1.3081
2025-02-20,1.3069
2025-02-21,1.3002
2025-02-24,1.2864
2025-02-25,1.2861
2025-02-27,1.2859
2025-02-28,1.262
2025-03-03,1.2616
2025-03-04,1.2596
2025-03-05,1.2741
2025-03-06,1.2859
2025-03-07,1.2864
2025-03-10,1.2811
2025-03-11,1.2832
2025-03-12,1.2817
2025-03-13,1.2775
2025-03-17,1.2839
2025-03-18,1.3024
2025-03-19,1.3066
2025-03-20,1.3228
2025-03-21,1.3319
2025-03-24,1.3494
2025-03-25,1.35
2025-03-26,1.3397
2025-03-27,1.3456
2025-03-28,1.3415
2025-04-01,1.3213
2025-04-02,1.3308
2025-04-03,1.3261
2025-04-04,1.3064
2025-04-07,1.2641
2025-04-08,1.2854
2025-04-09,1.2776
2025-04-11,1.3021
2025-04-15,1.3306
2025-04-16,1.3368
2025-04-17,1.3605
2025-04-21,1.3761
2025-04-22,1.3785
2025-04-23,1.3877
2025-04-24,1.383
2025-04-25,1.3712
2025-04-28,1.3877
2025-04-29,1.3881
2025-04-30,1.388
2025-05-02,1.3887
2025-05-05,1.3952
2025-05-06,1.3906
2025-05-07,1.3926
2025-05-08,1.3845
2025-05-09,1.3694
2025-05-12,1.4217
2025-05-13,1.4019
2025-05-14,1.407
2025-05-15,1.4295
2025-05-16,1.4271
2025-05-19,1.4228
2025-05-20,1.4079
2025-05-21,1.4153
2025-05-22,1.4037
2025-05-23,1.4176
2025-05-26,1.426
2025-05-27,1.416
2025-05-28,1.4118
2025-05-29,1.4165
2025-05-30,1.4117
2025-06-02,1.4098
2025-06-03,1.3999
2025-06-04,1.4043
2025-06-05,1.4118
2025-06-06,1.4261
2025-06-09,1.4318
2025-06-10,1.4319
2025-06-11,1.434
2025-06-12,1.4196
2025-06-13,1.4099
2025-06-16,1.4229
2025-06-17,1.4176
2025-06-18,1.4152
2025-06-19,1.4142
2025-06-20,1.4324
2025-06-23,1.4244
2025-06-24,1.4285
2025-06-25,1.4399
2025-06-26,1.4573
2025-06-27,1.4623
2025-06-30,1.4555
2025-07-01,1.4569
2025-07-02,1.4518
2025-07-03,1.4491
2025-07-04,1.4523
2025-07-07,1.4523
2025-07-08,1.4558
2025-07-09,1.4531
2025-07-10,1.4462
2025-07-11,1.4345
2025-07-14,1.4307
2025-07-15,1.4371
2025-07-16,1.4381
2025-07-17,1.4323
2025-07-18,1.4242
2025-07-21,1.4311
2025-07-22,1.4294
2025-07-23,1.4385
2025-07-24,1.4295
2025-07-25,1.4167
2025-07-28,1.4078
2025-07-29,1.4158
2025-07-30,1.4177
2025-07-31,1.4127
2025-08-01,1.4012
2025-08-04,1.4101
2025-08-05,1.406
2025-08-06,1.4017
2025-08-07,1.4029
2025-08-08,1.3896
2025-08-11,1.4023
2025-08-12,1.3967
2025-08-13,1.4042
2025-08-14,1.4049
2025-08-18,1.4189
2025-08-19,1.4249
2025-08-20,1.4288
2025-08-21,1.4307
2025-08-22,1.4186
2025-08-25,1.4241
2025-08-26,1.4095
2025-08-28,1.3975
2025-08-29,1.3933
2025-09-01,1.4046
2025-09-02,1.402
2025-09-03,1.4097
2025-09-04,1.4108
2025-09-05,1.4112
2025-09-08,1.413
2025-09-09,1.4185
2025-09-10,1.4244
2025-09-11,1.4263
2025-09-12,1.4325
2025-09-15,1.4299
2025-09-16,1.4396
2025-09-17,1.4448
2025-09-18,1.4501
2025-09-19,1.4446
2025-09-22,1.4375
2025-09-23,1.4356
2025-09-24,1.4292
2025-09-25,1.4197
2025-09-26,1.4063
2025-09-29,1.4051
2025-09-30,1.4038
2025-10-01,1.4166
2025-10-03,1.4199
2025-10-06,1.4304
2025-10-07,1.4321
2025-10-08,1.4286
2025-10-09,1.4363
2025-10-10,1.4422
2025-10-13,1.4389
2025-10-14,1.4343
2025-10-15,1.4444
2025-10-16,1.4593
2025-10-17,1.4664
2025-10-20,1.4741
2025-10-21,1.4755
2025-10-23,1.4768
2025-10-24,1.4713
2025-10-27,1.4811
2025-10-28,1.4794
2025-10-29,1.4861
2025-10-30,1.476
2025-10-31,1.4671
2025-11-03,1.4695
2025-11-04,1.46
2025-11-06,1.455
2025-11-07,1.454
2025-11-10,1.4587
2025-11-11,1.4656
2025-11-12,1.4759
2025-11-13,1.4761
2025-11-14,1.4779
2025-11-17,1.4838
2025-11-18,1.4779
2025-11-19,1.486
2025-11-20,1.494
2025-11-21,1.4869
2025-11-24,1.4807
2025-11-25,1.4764
2025-11-26,1.4947
2025-11-27,1.4953
2025-11-28,1.4946
2025-12-01,1.493
2025-12-02,1.4848
2025-12-03,1.4822
2025-12-04,1.4849
2025-12-05,1.4936
2025-12-08,1.4807
2025-12-09,1.4739
2025-12-10,1.4692
2025-12-11,1.4772
2025-12-12,1.4857
2025-12-15,1.4846
2025-12-16,1.475
2025-12-17,1.4726
2025-12-18,1.4725
2025-12-19,1.4811
2025-12-22,1.4928
2025-12-23,1.4931
2025-12-24,1.4911
2025-12-26,1.4854
2025-12-29,1.4797
2025-12-30,1.4795
2025-12-31,1.4904
2026-01-01,1.4914
2026-01-02,1.5017
2026-01-05,1.4973
2026-01-06,1.4932
2026-01-07,1.491
2026-01-08,1.476
2026-01-09,1.4649
2026-01-12,1.471
2026-01-13,1.4677
2026-01-14,1.4639
2026-01-15,1.4639
2026-01-16,1.4656
2026-01-19,1.4594
2026-01-20,1.4392
2026-01-21,1.4349
2026-01-22,1.4425
2026-01-23,1.4287
2026-01-27,1.436
2026-01-28,1.4455
2026-01-29,1.4499
2026-01-30,1.4442
2026-02-02,1.431
2026-02-03,1.4675
2026-02-04,1.4702
2026-02-05,1.4626
2026-02-06,1.4655
2026-02-09,1.4754
2026-02-10,1.4793
2026-02-11,1.4804
2026-02-12,1.472
2026-02-13,1.4528
2026-02-16,1.4649
2026-02-17,1.4673
2026-02-18,1.4727
2026-02-19,1.4519
2026-02-20,1.4585
2026-02-23,1.4666
2026-02-24,1.4502
2026-02-25,1.4535
2026-02-26,1.4543
2026-02-27,1.4361
2026-03-02,1.4183
2026-03-04,1.3963
2026-03-05,1.4126
2026-03-06,1.3946
2026-03-09,1.3705
2026-03-10,1.3838
2026-03-11,1.3613
2026-03-12,1.3483
2026-03-13,1.3205
2026-03-16,1.3352
2026-03-17,1.345
2026-03-18,1.3562
2026-03-19,1.312
2026-03-20,1.3184
2026-03-23,1.2841
2026-03-24,1.3069
2026-03-25,1.3294
2026-03-27,1.3016
2026-03-30,1.2737
2026-04-01,1.2936
2026-04-02,1.2955
2026-04-06,1.3101
2026-04-07,1.3189
2026-04-08,1.3688
2026-04-09,1.3561
2026-04-10,1.3718
2026-04-13,1.3599
2026-04-15,1.3821
2026-04-16,1.3801
2026-04-17,1.3891
2026-04-20,1.3897
2026-04-21,1.4018
2026-04-22,1.3905
2026-04-23,1.3788
2026-04-24,1.3631
2026-04-27,1.3742
2026-04-28,1.3687
2026-04-29,1.3791
2026-04-30,1.3688
2026-05-01,1.3688
2026-05-04,1.3757
2026-05-05,1.3708
2026-05-06,1.3878
2026-05-07,1.3876
2026-05-08,1.379
2026-05-11,1.3584
2026-05-12,1.3335
2026-05-13,1.3354
2026-05-14,1.3512
2026-05-15,1.3486
2026-05-18,1.349
2026-05-19,1.3471
2026-05-20,1.3495
2026-05-21,1.3492
2026-05-22,1.3529
2026-05-25,1.3707
2026-05-26,1.364
2026-05-27,1.3636
2026-05-28,1.3636
2026-05-29,1.3431
2026-06-01,1.3337
2026-06-02,1.3395
2026-06-03,1.335
2026-06-04,1.3356
2026-06-05,1.3328
2026-06-08,1.3189
2026-06-09,1.3257
2026-06-10,1.3241
2026-06-11,1.3211
2026-06-12,1.3474
2026-06-15,1.3606
2026-06-16,1.3683
2026-06-17,1.3738
2026-06-18,1.3785
2026-06-19,1.3697
2026-06-22,1.3748
2026-06-23,1.3589
2026-06-24,1.3702
2026-06-25,1.3721
2026-06-26,1.3721
2026-06-29,1.3659
2026-06-30,1.3613
2026-07-01,1.3693
2026-07-02,1.3789
2026-07-03,1.3844
2026-07-06,1.3935
2026-07-07,1.3917
2026-07-08,1.3622
2026-07-09,1.3668
2026-07-10,1.3807
2026-07-13,1.381
2026-07-14,1.3719
2026-07-15,1.3734
2026-07-16,1.3731
2026-07-17,1.388
2026-07-20,1.3825
2026-07-21,1.3796
2026-07-22,1.3687
2026-07-23,1.3615
2026-07-24,1.3557
2026-07-27,1.3687
2026-07-28,1.3681
2026-07-29,1.3832
2026-07-30,1.387
2026-07-31,1.3908
2026-08-03,1.4131
2026-08-04,1.404
2026-08-05,1.4046
2026-08-06,1.4052
2026-08-07,1.4015
2026-08-10,1.4022
2026-08-11,1.3958
2026-08-12,1.3938
2026-08-13,1.3915
2026-08-14,1.3898
2026-08-17,1.3853
2026-08-18,1.3778
2026-08-19,1.3734
2026-08-20,1.3821
2026-08-21,1.3833
2026-08-24,1.3814
2026-08-25,1.388
2026-08-26,1.3808
2026-08-27,1.3741
2026-08-28,1.3789
2026-08-31,1.3735
2026-09-01,1.3721
2026-09-02,1.364
2026-09-03,1.3617
2026-09-04,1.3631
2026-09-07,1.3563
2026-09-08,1.3481
2026-09-09,1.3365
2026-09-10,1.3391
2026-09-11,1.3346
2026-09-14,1.3346
2026-09-15,1.3186
2026-09-16,1.3243
2026-09-17,1.3273
2026-09-18,1.3316
2026-09-21,1.3355
2026-09-22,1.3306
2026-09-23,1.3374
2026-09-24,1.3155
2026-09-25,1.3199
2026-09-28,1.2993
2026-09-29,1.2957
2026-09-30,1.2902
2026-10-01,1.2789
